Version Name,Segment,Year,Month,Period,Plan Version,Forecast Date,GWP,Day1 WCR,Average Cost,Claims Frequency
PlanImpactNov18,Aggregators,2018,12,201812,Plan,Nov,-1630535,-47443,0,-1040453
PlanImpactNov18,Aggregators,2019,1,201901,Plan,Nov,-1632880,-126735,0,-1112626
PlanImpactNov18,Aggregators,2019,2,201902,Plan,Nov,-1646949,-97680,0,-1115128
PlanImpactNov18,Aggregators,2019,3,201903,Plan,Nov,-1652001,-260007,0,-1194129
PlanImpactNov18,Aggregators,2019,4,201904,Plan,Nov,-1671673,-291808,0,-1272470
PlanImpactNov18,Aggregators,2019,5,201905,Plan,Nov,-1685183,-304838,0,-1347293
PlanImpactNov18,Aggregators,2019,6,201906,Plan,Nov,-1688134,-295303,0,-1361368
PlanImpactNov18,Aggregators,2019,7,201907,Plan,Nov,-1685426,-374529,0,-1400384
PlanImpactNov18,Aggregators,2019,8,201908,Plan,Nov,-1689713,-401702,0,-1457455
PlanImpactNov18,Aggregators,2019,9,201909,Plan,Nov,-1692550,-410653,0,-1500559
PlanImpactNov18,Aggregators,2019,10,201910,Plan,Nov,-1692862,-581818,0,-1555306
PlanImpactNov18,Aggregators,2019,11,201911,Plan,Nov,-1690938,-787711,0,-1621711
PlanImpactNov18,Barclays,2018,12,201812,Plan,Nov,7111584,-1429197,0,-15311266
PlanImpactNov18,Barclays,2019,1,201901,Plan,Nov,7170007,-1495357,0,-15461396
PlanImpactNov18,Barclays,2019,2,201902,Plan,Nov,7239974,-1451063,0,-15732925
PlanImpactNov18,Barclays,2019,3,201903,Plan,Nov,7331333,-1503580,0,-15908868
PlanImpactNov18,Barclays,2019,4,201904,Plan,Nov,7343296,-1616791,0,-16444879
PlanImpactNov18,Barclays,2019,5,201905,Plan,Nov,7533177,-1817395,0,-15895164
PlanImpactNov18,Barclays,2019,6,201906,Plan,Nov,7808508,-1789616,0,-15540217
PlanImpactNov18,Barclays,2019,7,201907,Plan,Nov,7793967,-1902763,0,-15803585
PlanImpactNov18,Barclays,2019,8,201908,Plan,Nov,7865947,-1971643,0,-16176155
PlanImpactNov18,Barclays,2019,9,201909,Plan,Nov,8021285,-1961159,0,-15945914
PlanImpactNov18,Barclays,2019,10,201910,Plan,Nov,8177283,-2096652,0,-16133823
PlanImpactNov18,Barclays,2019,11,201911,Plan,Nov,8216474,-2084295,0,-16130153
PlanImpactNov18,HSBC,2018,12,201812,Plan,Nov,1299427,-1359082,0,-7406742
PlanImpactNov18,HSBC,2019,1,201901,Plan,Nov,1307528,-1410093,0,-7663284
PlanImpactNov18,HSBC,2019,2,201902,Plan,Nov,1318103,-1571976,0,-7807751
PlanImpactNov18,HSBC,2019,3,201903,Plan,Nov,1321435,-1606544,0,-7916550
PlanImpactNov18,HSBC,2019,4,201904,Plan,Nov,1329947,-1818080,0,-7971000
PlanImpactNov18,HSBC,2019,5,201905,Plan,Nov,1346350,-1842717,0,-8243648
PlanImpactNov18,HSBC,2019,6,201906,Plan,Nov,1367797,-1872722,0,-8340696
PlanImpactNov18,HSBC,2019,7,201907,Plan,Nov,1383910,-1949274,0,-8471246
PlanImpactNov18,HSBC,2019,8,201908,Plan,Nov,1386318,-1964650,0,-8594769
PlanImpactNov18,HSBC,2019,9,201909,Plan,Nov,1405961,-1996827,0,-8737586
PlanImpactNov18,HSBC,2019,10,201910,Plan,Nov,1422257,-2172816,0,-8868780
PlanImpactNov18,HSBC,2019,11,201911,Plan,Nov,1434827,-2242080,0,-9004513
PlanImpactNov18,IB APC,2018,12,201812,Plan,Nov,1828533,1714259,0,-25235694
PlanImpactNov18,IB APC,2019,1,201901,Plan,Nov,1834304,1745333,0,-26050186
PlanImpactNov18,IB APC,2019,2,201902,Plan,Nov,1856546,1311268,0,-26569485
PlanImpactNov18,IB APC,2019,3,201903,Plan,Nov,1861277,1010806,0,-26822625
PlanImpactNov18,IB APC,2019,4,201904,Plan,Nov,1876967,893401,0,-27374794
PlanImpactNov18,IB APC,2019,5,201905,Plan,Nov,1882966,509955,0,-28156415
PlanImpactNov18,IB APC,2019,6,201906,Plan,Nov,1885752,172105,0,-28697739
PlanImpactNov18,IB APC,2019,7,201907,Plan,Nov,1894028,-319060,0,-28962390
PlanImpactNov18,IB APC,2019,8,201908,Plan,Nov,1890382,-739136,0,-29636468
PlanImpactNov18,IB APC,2019,9,201909,Plan,Nov,1892663,-925804,0,-29674516
PlanImpactNov18,IB APC,2019,10,201910,Plan,Nov,1894456,-999870,0,-29968354
PlanImpactNov18,IB APC,2019,11,201911,Plan,Nov,1890676,-1259070,0,-30131653
PlanImpactNov18,IB Main ex APC,2018,12,201812,Plan,Nov,3266483,-3889,0,-42833568
PlanImpactNov18,IB Main ex APC,2019,1,201901,Plan,Nov,3288580,-354007,0,-43033414
PlanImpactNov18,IB Main ex APC,2019,2,201902,Plan,Nov,3291604,-991282,0,-43876597
PlanImpactNov18,IB Main ex APC,2019,3,201903,Plan,Nov,3294208,-909177,0,-44851761
PlanImpactNov18,IB Main ex APC,2019,4,201904,Plan,Nov,3330387,-1178395,0,-46049101
PlanImpactNov18,IB Main ex APC,2019,5,201905,Plan,Nov,3360546,-1847341,0,-46707919
PlanImpactNov18,IB Main ex APC,2019,6,201906,Plan,Nov,3354798,-2004135,0,-47271603
PlanImpactNov18,IB Main ex APC,2019,7,201907,Plan,Nov,3363355,-2333407,0,-47969008
PlanImpactNov18,IB Main ex APC,2019,8,201908,Plan,Nov,3364588,-2364907,0,-48800605
PlanImpactNov18,IB Main ex APC,2019,9,201909,Plan,Nov,3387686,-3108919,0,-49165651
PlanImpactNov18,IB Main ex APC,2019,10,201910,Plan,Nov,3409676,-3488147,0,-50262560
PlanImpactNov18,IB Main ex APC,2019,11,201911,Plan,Nov,3413211,-3274155,0,-50799260
PlanImpactNov18,Santander,2018,12,201812,Plan,Nov,3554275,2308565,0,-8753315
PlanImpactNov18,Santander,2019,1,201901,Plan,Nov,3599476,2353194,0,-8900213
PlanImpactNov18,Santander,2019,2,201902,Plan,Nov,3650957,2261834,0,-9130580
PlanImpactNov18,Santander,2019,3,201903,Plan,Nov,3687796,2143830,0,-9459578
PlanImpactNov18,Santander,2019,4,201904,Plan,Nov,3727393,2047989,0,-9596418
PlanImpactNov18,Santander,2019,5,201905,Plan,Nov,3726869,2076587,0,-9717441
PlanImpactNov18,Santander,2019,6,201906,Plan,Nov,3764898,2008668,0,-9829268
PlanImpactNov18,Santander,2019,7,201907,Plan,Nov,3764317,1861111,0,-10089719
PlanImpactNov18,Santander,2019,8,201908,Plan,Nov,3813700,1842588,0,-10283197
PlanImpactNov18,Santander,2019,9,201909,Plan,Nov,3838444,1928732,0,-10570772
PlanImpactNov18,Santander,2019,10,201910,Plan,Nov,3847418,1946337,0,-10919094
PlanImpactNov18,Santander,2019,11,201911,Plan,Nov,3883905,1887399,0,-11093118
PlanImpactNov18,TSB,2018,12,201812,Plan,Nov,3683850,-1264225,0,-1633402
PlanImpactNov18,TSB,2019,1,201901,Plan,Nov,3704747,-1325802,0,-1724935
PlanImpactNov18,TSB,2019,2,201902,Plan,Nov,3723237,-1435328,0,-1758311
PlanImpactNov18,TSB,2019,3,201903,Plan,Nov,3724027,-1554747,0,-1813231
PlanImpactNov18,TSB,2019,4,201904,Plan,Nov,3737660,-1684798,0,-1846942
PlanImpactNov18,TSB,2019,5,201905,Plan,Nov,3755054,-1763963,0,-1916193
PlanImpactNov18,TSB,2019,6,201906,Plan,Nov,3780934,-1808249,0,-1965560
PlanImpactNov18,TSB,2019,7,201907,Plan,Nov,3804355,-1867496,0,-1995629
PlanImpactNov18,TSB,2019,8,201908,Plan,Nov,3832209,-1897368,0,-2079203
PlanImpactNov18,TSB,2019,9,201909,Plan,Nov,3843685,-1945889,0,-2146090
PlanImpactNov18,TSB,2019,10,201910,Plan,Nov,3857875,-2048392,0,-2216067
PlanImpactNov18,TSB,2019,11,201911,Plan,Nov,3849034,-2157792,0,-2269966
PlanImpactNov18,UKDI,2018,12,201812,Plan,Nov,95085,-26111,0,95214
PlanImpactNov18,UKDI,2019,1,201901,Plan,Nov,95615,-28877,0,96827
PlanImpactNov18,UKDI,2019,2,201902,Plan,Nov,96297,-28731,0,96958
PlanImpactNov18,UKDI,2019,3,201903,Plan,Nov,97364,-28461,0,97959
PlanImpactNov18,UKDI,2019,4,201904,Plan,Nov,97236,-27580,0,99999
PlanImpactNov18,UKDI,2019,5,201905,Plan,Nov,97279,-30920,0,99009
PlanImpactNov18,UKDI,2019,6,201906,Plan,Nov,97629,-33073,0,99883
PlanImpactNov18,UKDI,2019,7,201907,Plan,Nov,98719,-35845,0,100352
PlanImpactNov18,UKDI,2019,8,201908,Plan,Nov,98613,-39463,0,99397
PlanImpactNov18,UKDI,2019,9,201909,Plan,Nov,99411,-43570,0,100185
PlanImpactNov18,UKDI,2019,10,201910,Plan,Nov,99176,-44861,0,100655
PlanImpactNov18,UKDI,2019,11,201911,Plan,Nov,99470,-46066,0,101476
PlanImpactNov18,Total,2018,12,201812,Plan,Nov,19208701,-107123,0,-102119225
PlanImpactNov18,Total,2019,1,201901,Plan,Nov,19367377,-642343,0,-103849226
PlanImpactNov18,Total,2019,2,201902,Plan,Nov,19529768,-2002958,0,-105893820
PlanImpactNov18,Total,2019,3,201903,Plan,Nov,19665438,-2707881,0,-107868783
PlanImpactNov18,Total,2019,4,201904,Plan,Nov,19771212,-3676064,0,-110455604
PlanImpactNov18,Total,2019,5,201905,Plan,Nov,20017058,-5020633,0,-111885064
PlanImpactNov18,Total,2019,6,201906,Plan,Nov,20372181,-5622325,0,-112906567
PlanImpactNov18,Total,2019,7,201907,Plan,Nov,20417226,-6921263,0,-114591608
PlanImpactNov18,Total,2019,8,201908,Plan,Nov,20562044,-7536281,0,-116928456
PlanImpactNov18,Total,2019,9,201909,Plan,Nov,20796585,-8464088,0,-117640903
PlanImpactNov18,Total,2019,10,201910,Plan,Nov,21015280,-9486219,0,-119823328
PlanImpactNov18,Total,2019,11,201911,Plan,Nov,21096657,-9963771,0,-120948897
PlanV2ImpactNov18,Aggregators,2018,12,201812,Plan V2,Nov,-1633851,6736933,0,-1628104
PlanV2ImpactNov18,Aggregators,2019,1,201901,Plan V2,Nov,-1639350,6613517,0,-1656609
PlanV2ImpactNov18,Aggregators,2019,2,201902,Plan V2,Nov,-1652630,6699372,0,-1744469
PlanV2ImpactNov18,Aggregators,2019,3,201903,Plan V2,Nov,-1654314,6610954,0,-1812858
PlanV2ImpactNov18,Aggregators,2019,4,201904,Plan V2,Nov,-1671916,6573488,0,-1924204
PlanV2ImpactNov18,Aggregators,2019,5,201905,Plan V2,Nov,-1681077,6594541,0,-2117856
PlanV2ImpactNov18,Aggregators,2019,6,201906,Plan V2,Nov,-1683633,6571243,0,-2127342
PlanV2ImpactNov18,Aggregators,2019,7,201907,Plan V2,Nov,-1679682,6578579,0,-2192375
PlanV2ImpactNov18,Aggregators,2019,8,201908,Plan V2,Nov,-1687128,6541569,0,-2200793
PlanV2ImpactNov18,Aggregators,2019,9,201909,Plan V2,Nov,-1685744,6496792,0,-2236377
PlanV2ImpactNov18,Aggregators,2019,10,201910,Plan V2,Nov,-1684434,6344144,0,-2402165
PlanV2ImpactNov18,Aggregators,2019,11,201911,Plan V2,Nov,-1683334,6223035,0,-2587736
PlanV2ImpactNov18,Barclays,2018,12,201812,Plan V2,Nov,7109682,642749,0,-17401850
PlanV2ImpactNov18,Barclays,2019,1,201901,Plan V2,Nov,7117163,544383,0,-17603536
PlanV2ImpactNov18,Barclays,2019,2,201902,Plan V2,Nov,7177537,578685,0,-17854174
PlanV2ImpactNov18,Barclays,2019,3,201903,Plan V2,Nov,7205653,416974,0,-18330788
PlanV2ImpactNov18,Barclays,2019,4,201904,Plan V2,Nov,7249557,316145,0,-18618729
PlanV2ImpactNov18,Barclays,2019,5,201905,Plan V2,Nov,7229824,65692,0,-19111773
PlanV2ImpactNov18,Barclays,2019,6,201906,Plan V2,Nov,7291141,-19692,0,-19623185
PlanV2ImpactNov18,Barclays,2019,7,201907,Plan V2,Nov,7288737,-46335,0,-19745003
PlanV2ImpactNov18,Barclays,2019,8,201908,Plan V2,Nov,7362265,-92679,0,-20241950
PlanV2ImpactNov18,Barclays,2019,9,201909,Plan V2,Nov,7381796,-210523,0,-20697060
PlanV2ImpactNov18,Barclays,2019,10,201910,Plan V2,Nov,7474440,-252790,0,-21173460
PlanV2ImpactNov18,Barclays,2019,11,201911,Plan V2,Nov,7470131,-120100,0,-21640614
PlanV2ImpactNov18,HSBC,2018,12,201812,Plan V2,Nov,1722697,-115006,0,-4933382
PlanV2ImpactNov18,HSBC,2019,1,201901,Plan V2,Nov,1733810,-136901,0,-5034341
PlanV2ImpactNov18,HSBC,2019,2,201902,Plan V2,Nov,1740742,-229616,0,-5241193
PlanV2ImpactNov18,HSBC,2019,3,201903,Plan V2,Nov,1744470,-266045,0,-5264188
PlanV2ImpactNov18,HSBC,2019,4,201904,Plan V2,Nov,1749480,-422159,0,-5400122
PlanV2ImpactNov18,HSBC,2019,5,201905,Plan V2,Nov,1766177,-449385,0,-5512433
PlanV2ImpactNov18,HSBC,2019,6,201906,Plan V2,Nov,1781312,-384278,0,-5749817
PlanV2ImpactNov18,HSBC,2019,7,201907,Plan V2,Nov,1794281,-485526,0,-5842073
PlanV2ImpactNov18,HSBC,2019,8,201908,Plan V2,Nov,1793217,-494989,0,-5899745
PlanV2ImpactNov18,HSBC,2019,9,201909,Plan V2,Nov,1814293,-428264,0,-6054115
PlanV2ImpactNov18,HSBC,2019,10,201910,Plan V2,Nov,1826125,-607207,0,-6160097
PlanV2ImpactNov18,HSBC,2019,11,201911,Plan V2,Nov,1837486,-695474,0,-6285984
PlanV2ImpactNov18,IB APC,2018,12,201812,Plan V2,Nov,1580738,12648915,0,-43905058
PlanV2ImpactNov18,IB APC,2019,1,201901,Plan V2,Nov,1581215,12718333,0,-44946778
PlanV2ImpactNov18,IB APC,2019,2,201902,Plan V2,Nov,1599660,12874583,0,-46911902
PlanV2ImpactNov18,IB APC,2019,3,201903,Plan V2,Nov,1607490,12913906,0,-47715425
PlanV2ImpactNov18,IB APC,2019,4,201904,Plan V2,Nov,1620507,12826677,0,-48178177
PlanV2ImpactNov18,IB APC,2019,5,201905,Plan V2,Nov,1625437,12370227,0,-49788181
PlanV2ImpactNov18,IB APC,2019,6,201906,Plan V2,Nov,1630500,12337076,0,-50542779
PlanV2ImpactNov18,IB APC,2019,7,201907,Plan V2,Nov,1635153,11787433,0,-51048932
PlanV2ImpactNov18,IB APC,2019,8,201908,Plan V2,Nov,1633785,11470341,0,-52419852
PlanV2ImpactNov18,IB APC,2019,9,201909,Plan V2,Nov,1639544,11681501,0,-52307408
PlanV2ImpactNov18,IB APC,2019,10,201910,Plan V2,Nov,1636409,11607300,0,-53329349
PlanV2ImpactNov18,IB APC,2019,11,201911,Plan V2,Nov,1629636,11787021,0,-54289197
PlanV2ImpactNov18,IB Main ex APC,2018,12,201812,Plan V2,Nov,3267593,-12752212,0,-29471325
PlanV2ImpactNov18,IB Main ex APC,2019,1,201901,Plan V2,Nov,3291462,-13021511,0,-29909808
PlanV2ImpactNov18,IB Main ex APC,2019,2,201902,Plan V2,Nov,3295139,-13485040,0,-30460942
PlanV2ImpactNov18,IB Main ex APC,2019,3,201903,Plan V2,Nov,3296514,-13544679,0,-31029753
PlanV2ImpactNov18,IB Main ex APC,2019,4,201904,Plan V2,Nov,3340060,-13910768,0,-31919293
PlanV2ImpactNov18,IB Main ex APC,2019,5,201905,Plan V2,Nov,3374584,-14248582,0,-32874778
PlanV2ImpactNov18,IB Main ex APC,2019,6,201906,Plan V2,Nov,3363913,-14188905,0,-33616717
PlanV2ImpactNov18,IB Main ex APC,2019,7,201907,Plan V2,Nov,3375419,-14157883,0,-34222398
PlanV2ImpactNov18,IB Main ex APC,2019,8,201908,Plan V2,Nov,3378093,-14212777,0,-34740063
PlanV2ImpactNov18,IB Main ex APC,2019,9,201909,Plan V2,Nov,3392939,-14458260,0,-35937040
PlanV2ImpactNov18,IB Main ex APC,2019,10,201910,Plan V2,Nov,3413029,-14632752,0,-36936399
PlanV2ImpactNov18,IB Main ex APC,2019,11,201911,Plan V2,Nov,3411449,-14716143,0,-37062316
PlanV2ImpactNov18,Santander,2018,12,201812,Plan V2,Nov,3558917,-1321877,0,-6592643
PlanV2ImpactNov18,Santander,2019,1,201901,Plan V2,Nov,3597539,-1384131,0,-6852238
PlanV2ImpactNov18,Santander,2019,2,201902,Plan V2,Nov,3646036,-1517688,0,-6902560
PlanV2ImpactNov18,Santander,2019,3,201903,Plan V2,Nov,3690866,-1573057,0,-7177362
PlanV2ImpactNov18,Santander,2019,4,201904,Plan V2,Nov,3732378,-1588400,0,-7333022
PlanV2ImpactNov18,Santander,2019,5,201905,Plan V2,Nov,3734749,-1547185,0,-7492676
PlanV2ImpactNov18,Santander,2019,6,201906,Plan V2,Nov,3764520,-1668361,0,-7569475
PlanV2ImpactNov18,Santander,2019,7,201907,Plan V2,Nov,3767517,-1831512,0,-7806779
PlanV2ImpactNov18,Santander,2019,8,201908,Plan V2,Nov,3813240,-1879091,0,-7918215
PlanV2ImpactNov18,Santander,2019,9,201909,Plan V2,Nov,3841035,-1952386,0,-7985896
PlanV2ImpactNov18,Santander,2019,10,201910,Plan V2,Nov,3848554,-2002502,0,-8239706
PlanV2ImpactNov18,Santander,2019,11,201911,Plan V2,Nov,3890818,-2110756,0,-8421580
PlanV2ImpactNov18,TSB,2018,12,201812,Plan V2,Nov,3156467,2516188,0,-3321660
PlanV2ImpactNov18,TSB,2019,1,201901,Plan V2,Nov,3180771,2511785,0,-3488894
PlanV2ImpactNov18,TSB,2019,2,201902,Plan V2,Nov,3197010,2540988,0,-3659508
PlanV2ImpactNov18,TSB,2019,3,201903,Plan V2,Nov,3194006,2405628,0,-3731861
PlanV2ImpactNov18,TSB,2019,4,201904,Plan V2,Nov,3204008,2343664,0,-3827763
PlanV2ImpactNov18,TSB,2019,5,201905,Plan V2,Nov,3216407,2335905,0,-4014991
PlanV2ImpactNov18,TSB,2019,6,201906,Plan V2,Nov,3238276,2265968,0,-4185415
PlanV2ImpactNov18,TSB,2019,7,201907,Plan V2,Nov,3249527,2250406,0,-4228128
PlanV2ImpactNov18,TSB,2019,8,201908,Plan V2,Nov,3274931,2237838,0,-4354979
PlanV2ImpactNov18,TSB,2019,9,201909,Plan V2,Nov,3284879,2093541,0,-4394695
PlanV2ImpactNov18,TSB,2019,10,201910,Plan V2,Nov,3303989,2000504,0,-4556198
PlanV2ImpactNov18,TSB,2019,11,201911,Plan V2,Nov,3297230,1818131,0,-4705702
PlanV2ImpactNov18,UKDI,2018,12,201812,Plan V2,Nov,94955,34818,0,118402
PlanV2ImpactNov18,UKDI,2019,1,201901,Plan V2,Nov,95661,34158,0,119911
PlanV2ImpactNov18,UKDI,2019,2,201902,Plan V2,Nov,96360,36020,0,121047
PlanV2ImpactNov18,UKDI,2019,3,201903,Plan V2,Nov,97583,36489,0,121797
PlanV2ImpactNov18,UKDI,2019,4,201904,Plan V2,Nov,97227,33565,0,122438
PlanV2ImpactNov18,UKDI,2019,5,201905,Plan V2,Nov,97069,32580,0,123015
PlanV2ImpactNov18,UKDI,2019,6,201906,Plan V2,Nov,97667,28116,0,123379
PlanV2ImpactNov18,UKDI,2019,7,201907,Plan V2,Nov,98712,25482,0,123727
PlanV2ImpactNov18,UKDI,2019,8,201908,Plan V2,Nov,98477,24430,0,124452
PlanV2ImpactNov18,UKDI,2019,9,201909,Plan V2,Nov,99209,20720,0,123357
PlanV2ImpactNov18,UKDI,2019,10,201910,Plan V2,Nov,99013,18587,0,124445
PlanV2ImpactNov18,UKDI,2019,11,201911,Plan V2,Nov,98951,16762,0,125792
PlanV2ImpactNov18,Total,2018,12,201812,Plan V2,Nov,18857198,8390507,0,-107135621
PlanV2ImpactNov18,Total,2019,1,201901,Plan V2,Nov,18958271,7879632,0,-109372293
PlanV2ImpactNov18,Total,2019,2,201902,Plan V2,Nov,19099854,7497304,0,-112653702
PlanV2ImpactNov18,Total,2019,3,201903,Plan V2,Nov,19182268,7000170,0,-114940437
PlanV2ImpactNov18,Total,2019,4,201904,Plan V2,Nov,19321300,6172211,0,-117078871
PlanV2ImpactNov18,Total,2019,5,201905,Plan V2,Nov,19363170,5153793,0,-120789673
PlanV2ImpactNov18,Total,2019,6,201906,Plan V2,Nov,19483696,4941167,0,-123291351
PlanV2ImpactNov18,Total,2019,7,201907,Plan V2,Nov,19529664,4120644,0,-124961962
PlanV2ImpactNov18,Total,2019,8,201908,Plan V2,Nov,19666880,3594643,0,-127651145
PlanV2ImpactNov18,Total,2019,9,201909,Plan V2,Nov,19767951,3243120,0,-129489233
PlanV2ImpactNov18,Total,2019,10,201910,Plan V2,Nov,19917125,2475283,0,-132672929
PlanV2ImpactNov18,Total,2019,11,201911,Plan V2,Nov,19952368,2202474,0,-134867337
PlanImpactDec18,Aggregators,2019,1,201901,Plan,Dec,-933908,-2282983,0,-547741
PlanImpactDec18,Aggregators,2019,2,201902,Plan,Dec,-934053,-2311715,0,-538964
PlanImpactDec18,Aggregators,2019,3,201903,Plan,Dec,-934601,-2360861,0,-565023
PlanImpactDec18,Aggregators,2019,4,201904,Plan,Dec,-949076,-2495417,0,-678826
PlanImpactDec18,Aggregators,2019,5,201905,Plan,Dec,-953729,-2562985,0,-744032
PlanImpactDec18,Aggregators,2019,6,201906,Plan,Dec,-952935,-2624189,0,-777785
PlanImpactDec18,Aggregators,2019,7,201907,Plan,Dec,-961421,-2788970,0,-882596
PlanImpactDec18,Aggregators,2019,8,201908,Plan,Dec,-959407,-2865259,0,-941755
PlanImpactDec18,Aggregators,2019,9,201909,Plan,Dec,-967151,-2950008,0,-1023380
PlanImpactDec18,Aggregators,2019,10,201910,Plan,Dec,-966368,-3024731,0,-1037848
PlanImpactDec18,Aggregators,2019,11,201911,Plan,Dec,-968928,-3107630,0,-1067233
PlanImpactDec18,Aggregators,2019,12,201912,Plan,Dec,-969935,-3157447,0,-1076291
PlanImpactDec18,Barclays,2019,1,201901,Plan,Dec,4409825,-3473507,0,-13037344
PlanImpactDec18,Barclays,2019,2,201902,Plan,Dec,4463086,-3509125,0,-13336621
PlanImpactDec18,Barclays,2019,3,201903,Plan,Dec,4521966,-3522614,0,-13402957
PlanImpactDec18,Barclays,2019,4,201904,Plan,Dec,4494221,-3592294,0,-13762665
PlanImpactDec18,Barclays,2019,5,201905,Plan,Dec,4723097,-3657735,0,-13250672
PlanImpactDec18,Barclays,2019,6,201906,Plan,Dec,5000504,-3653982,0,-12995830
PlanImpactDec18,Barclays,2019,7,201907,Plan,Dec,5008689,-3837991,0,-13369426
PlanImpactDec18,Barclays,2019,8,201908,Plan,Dec,4984818,-3882609,0,-13529434
PlanImpactDec18,Barclays,2019,9,201909,Plan,Dec,5142745,-3866803,0,-13338097
PlanImpactDec18,Barclays,2019,10,201910,Plan,Dec,5184885,-3897094,0,-13246100
PlanImpactDec18,Barclays,2019,11,201911,Plan,Dec,5254598,-4059653,0,-13484596
PlanImpactDec18,Barclays,2019,12,201912,Plan,Dec,5363147,-4103762,0,-13407818
PlanImpactDec18,HSBC,2019,1,201901,Plan,Dec,524211,-2347841,0,-4855901
PlanImpactDec18,HSBC,2019,2,201902,Plan,Dec,539444,-2448634,0,-4992237
PlanImpactDec18,HSBC,2019,3,201903,Plan,Dec,536062,-2498089,0,-5068804
PlanImpactDec18,HSBC,2019,4,201904,Plan,Dec,547487,-2673675,0,-5164868
PlanImpactDec18,HSBC,2019,5,201905,Plan,Dec,545363,-2643398,0,-5232871
PlanImpactDec18,HSBC,2019,6,201906,Plan,Dec,550186,-2715221,0,-5302517
PlanImpactDec18,HSBC,2019,7,201907,Plan,Dec,557971,-2793874,0,-5395492
PlanImpactDec18,HSBC,2019,8,201908,Plan,Dec,562863,-2832998,0,-5537434
PlanImpactDec18,HSBC,2019,9,201909,Plan,Dec,565863,-2855489,0,-5583925
PlanImpactDec18,HSBC,2019,10,201910,Plan,Dec,584823,-2905300,0,-5639511
PlanImpactDec18,HSBC,2019,11,201911,Plan,Dec,587692,-3002239,0,-5758621
PlanImpactDec18,HSBC,2019,12,201912,Plan,Dec,596715,-3174565,0,-5874398
PlanImpactDec18,IB APC,2019,1,201901,Plan,Dec,855612,-4435085,0,-18133092
PlanImpactDec18,IB APC,2019,2,201902,Plan,Dec,854534,-4607571,0,-18129807
PlanImpactDec18,IB APC,2019,3,201903,Plan,Dec,862875,-4846684,0,-18433350
PlanImpactDec18,IB APC,2019,4,201904,Plan,Dec,871647,-5038613,0,-18920294
PlanImpactDec18,IB APC,2019,5,201905,Plan,Dec,880394,-5356725,0,-19620852
PlanImpactDec18,IB APC,2019,6,201906,Plan,Dec,882298,-5653542,0,-20127929
PlanImpactDec18,IB APC,2019,7,201907,Plan,Dec,882935,-5883264,0,-20109697
PlanImpactDec18,IB APC,2019,8,201908,Plan,Dec,884230,-6191042,0,-20709258
PlanImpactDec18,IB APC,2019,9,201909,Plan,Dec,888570,-6602508,0,-21118769
PlanImpactDec18,IB APC,2019,10,201910,Plan,Dec,896243,-6781250,0,-21563425
PlanImpactDec18,IB APC,2019,11,201911,Plan,Dec,903859,-6954067,0,-21837230
PlanImpactDec18,IB APC,2019,12,201912,Plan,Dec,901923,-6891371,0,-22161847
PlanImpactDec18,IB Main ex APC,2019,1,201901,Plan,Dec,1868462,-5746819,0,-34051880
PlanImpactDec18,IB Main ex APC,2019,2,201902,Plan,Dec,1891562,-6159867,0,-34895025
PlanImpactDec18,IB Main ex APC,2019,3,201903,Plan,Dec,1891354,-6260290,0,-35859969
PlanImpactDec18,IB Main ex APC,2019,4,201904,Plan,Dec,1891381,-6520935,0,-36565063
PlanImpactDec18,IB Main ex APC,2019,5,201905,Plan,Dec,1900360,-6961947,0,-36823544
PlanImpactDec18,IB Main ex APC,2019,6,201906,Plan,Dec,1909674,-7336613,0,-37797657
PlanImpactDec18,IB Main ex APC,2019,7,201907,Plan,Dec,1927243,-7539474,0,-38442344
PlanImpactDec18,IB Main ex APC,2019,8,201908,Plan,Dec,1918774,-7723224,0,-39280339
PlanImpactDec18,IB Main ex APC,2019,9,201909,Plan,Dec,1928267,-8292245,0,-39467740
PlanImpactDec18,IB Main ex APC,2019,10,201910,Plan,Dec,1932058,-8529223,0,-40142830
PlanImpactDec18,IB Main ex APC,2019,11,201911,Plan,Dec,1955717,-8649212,0,-41196648
PlanImpactDec18,IB Main ex APC,2019,12,201912,Plan,Dec,1949991,-8847034,0,-41514095
PlanImpactDec18,Santander,2019,1,201901,Plan,Dec,1953043,-1512463,0,-8135916
PlanImpactDec18,Santander,2019,2,201902,Plan,Dec,1961368,-1654422,0,-8305776
PlanImpactDec18,Santander,2019,3,201903,Plan,Dec,1954232,-1835182,0,-8595984
PlanImpactDec18,Santander,2019,4,201904,Plan,Dec,1948681,-1963014,0,-8660306
PlanImpactDec18,Santander,2019,5,201905,Plan,Dec,1965432,-1972832,0,-8850964
PlanImpactDec18,Santander,2019,6,201906,Plan,Dec,1985618,-2015056,0,-8888512
PlanImpactDec18,Santander,2019,7,201907,Plan,Dec,2009821,-2132608,0,-9193849
PlanImpactDec18,Santander,2019,8,201908,Plan,Dec,2041819,-2189196,0,-9382452
PlanImpactDec18,Santander,2019,9,201909,Plan,Dec,2032047,-2206497,0,-9638780
PlanImpactDec18,Santander,2019,10,201910,Plan,Dec,2047672,-2197509,0,-9958265
PlanImpactDec18,Santander,2019,11,201911,Plan,Dec,2049442,-2208379,0,-9966294
PlanImpactDec18,Santander,2019,12,201912,Plan,Dec,2047492,-2292998,0,-9968050
PlanImpactDec18,TSB,2019,1,201901,Plan,Dec,1647889,-4158691,0,-1622998
PlanImpactDec18,TSB,2019,2,201902,Plan,Dec,1652143,-4225509,0,-1637743
PlanImpactDec18,TSB,2019,3,201903,Plan,Dec,1666887,-4363677,0,-1714905
PlanImpactDec18,TSB,2019,4,201904,Plan,Dec,1680188,-4413683,0,-1720729
PlanImpactDec18,TSB,2019,5,201905,Plan,Dec,1704505,-4508387,0,-1797449
PlanImpactDec18,TSB,2019,6,201906,Plan,Dec,1711029,-4535666,0,-1821168
PlanImpactDec18,TSB,2019,7,201907,Plan,Dec,1732727,-4632590,0,-1875139
PlanImpactDec18,TSB,2019,8,201908,Plan,Dec,1736928,-4705823,0,-1955912
PlanImpactDec18,TSB,2019,9,201909,Plan,Dec,1750189,-4779016,0,-2027176
PlanImpactDec18,TSB,2019,10,201910,Plan,Dec,1743075,-4873477,0,-2078821
PlanImpactDec18,TSB,2019,11,201911,Plan,Dec,1764383,-4962267,0,-2146151
PlanImpactDec18,TSB,2019,12,201912,Plan,Dec,1759157,-5019459,0,-2165590
PlanImpactDec18,UKDI,2019,1,201901,Plan,Dec,55509,-131195,0,96482
PlanImpactDec18,UKDI,2019,2,201902,Plan,Dec,55728,-132345,0,96605
PlanImpactDec18,UKDI,2019,3,201903,Plan,Dec,56119,-132684,0,97614
PlanImpactDec18,UKDI,2019,4,201904,Plan,Dec,56770,-133574,0,99623
PlanImpactDec18,UKDI,2019,5,201905,Plan,Dec,57024,-137462,0,98619
PlanImpactDec18,UKDI,2019,6,201906,Plan,Dec,56825,-137978,0,99521
PlanImpactDec18,UKDI,2019,7,201907,Plan,Dec,57180,-141086,0,99996
PlanImpactDec18,UKDI,2019,8,201908,Plan,Dec,57812,-146207,0,99007
PlanImpactDec18,UKDI,2019,9,201909,Plan,Dec,58669,-149241,0,99803
PlanImpactDec18,UKDI,2019,10,201910,Plan,Dec,59384,-150681,0,100255
PlanImpactDec18,UKDI,2019,11,201911,Plan,Dec,59614,-151529,0,101079
PlanImpactDec18,UKDI,2019,12,201912,Plan,Dec,60274,-155065,0,100804
PlanImpactDec18,Total,2019,1,201901,Plan,Dec,10380644,-24088584,0,-80288391
PlanImpactDec18,Total,2019,2,201902,Plan,Dec,10483813,-25049188,0,-81739568
PlanImpactDec18,Total,2019,3,201903,Plan,Dec,10554895,-25820081,0,-83543380
PlanImpactDec18,Total,2019,4,201904,Plan,Dec,10541299,-26831205,0,-85373128
PlanImpactDec18,Total,2019,5,201905,Plan,Dec,10822445,-27801471,0,-86221765
PlanImpactDec18,Total,2019,6,201906,Plan,Dec,11143197,-28672247,0,-87611878
PlanImpactDec18,Total,2019,7,201907,Plan,Dec,11215144,-29749857,0,-89168547
PlanImpactDec18,Total,2019,8,201908,Plan,Dec,11227836,-30536358,0,-91237577
PlanImpactDec18,Total,2019,9,201909,Plan,Dec,11399200,-31701807,0,-92098064
PlanImpactDec18,Total,2019,10,201910,Plan,Dec,11481773,-32359265,0,-93566544
PlanImpactDec18,Total,2019,11,201911,Plan,Dec,11606376,-33094976,0,-95355695
PlanImpactDec18,Total,2019,12,201912,Plan,Dec,11708763,-33641701,0,-96067284
PlanV2ImpactDec18,Aggregators,2019,1,201901,Plan V2,Dec,-940377,2578414,0,-791447
PlanV2ImpactDec18,Aggregators,2019,2,201902,Plan V2,Dec,-939734,2566394,0,-857530
PlanV2ImpactDec18,Aggregators,2019,3,201903,Plan V2,Dec,-936914,2562645,0,-844183
PlanV2ImpactDec18,Aggregators,2019,4,201904,Plan V2,Dec,-949319,2426803,0,-1008324
PlanV2ImpactDec18,Aggregators,2019,5,201905,Plan V2,Dec,-949623,2373062,0,-1179030
PlanV2ImpactDec18,Aggregators,2019,6,201906,Plan V2,Dec,-948434,2283161,0,-1222945
PlanV2ImpactDec18,Aggregators,2019,7,201907,Plan V2,Dec,-955677,2212764,0,-1388439
PlanV2ImpactDec18,Aggregators,2019,8,201908,Plan V2,Dec,-956822,2119832,0,-1406147
PlanV2ImpactDec18,Aggregators,2019,9,201909,Plan V2,Dec,-960345,2027062,0,-1502831
PlanV2ImpactDec18,Aggregators,2019,10,201910,Plan V2,Dec,-957940,1965972,0,-1598682
PlanV2ImpactDec18,Aggregators,2019,11,201911,Plan V2,Dec,-961325,1959426,0,-1720735
PlanV2ImpactDec18,Aggregators,2019,12,201912,Plan V2,Dec,-963737,1915445,0,-1679386
PlanV2ImpactDec18,Barclays,2019,1,201901,Plan V2,Dec,4356980,-1931315,0,-14844361
PlanV2ImpactDec18,Barclays,2019,2,201902,Plan V2,Dec,4400649,-1974486,0,-15129679
PlanV2ImpactDec18,Barclays,2019,3,201903,Plan V2,Dec,4396286,-2074052,0,-15443407
PlanV2ImpactDec18,Barclays,2019,4,201904,Plan V2,Dec,4400482,-2138360,0,-15574733
PlanV2ImpactDec18,Barclays,2019,5,201905,Plan V2,Dec,4419743,-2234171,0,-15939256
PlanV2ImpactDec18,Barclays,2019,6,201906,Plan V2,Dec,4483136,-2312554,0,-16421316
PlanV2ImpactDec18,Barclays,2019,7,201907,Plan V2,Dec,4503459,-2426691,0,-16701517
PlanV2ImpactDec18,Barclays,2019,8,201908,Plan V2,Dec,4481136,-2465313,0,-16929221
PlanV2ImpactDec18,Barclays,2019,9,201909,Plan V2,Dec,4503256,-2544376,0,-17320363
PlanV2ImpactDec18,Barclays,2019,10,201910,Plan V2,Dec,4482041,-2517562,0,-17384775
PlanV2ImpactDec18,Barclays,2019,11,201911,Plan V2,Dec,4508255,-2584393,0,-18101343
PlanV2ImpactDec18,Barclays,2019,12,201912,Plan V2,Dec,4547825,-2673714,0,-18334290
PlanV2ImpactDec18,HSBC,2019,1,201901,Plan V2,Dec,950494,-1497701,0,-3185222
PlanV2ImpactDec18,HSBC,2019,2,201902,Plan V2,Dec,962083,-1548062,0,-3348647
PlanV2ImpactDec18,HSBC,2019,3,201903,Plan V2,Dec,959098,-1601258,0,-3361934
PlanV2ImpactDec18,HSBC,2019,4,201904,Plan V2,Dec,967020,-1736643,0,-3496642
PlanV2ImpactDec18,HSBC,2019,5,201905,Plan V2,Dec,965190,-1715201,0,-3491666
PlanV2ImpactDec18,HSBC,2019,6,201906,Plan V2,Dec,963701,-1729780,0,-3661552
PlanV2ImpactDec18,HSBC,2019,7,201907,Plan V2,Dec,968342,-1826597,0,-3729803
PlanV2ImpactDec18,HSBC,2019,8,201908,Plan V2,Dec,969762,-1860239,0,-3798741
PlanV2ImpactDec18,HSBC,2019,9,201909,Plan V2,Dec,974195,-1822827,0,-3870296
PlanV2ImpactDec18,HSBC,2019,10,201910,Plan V2,Dec,988691,-1869979,0,-3910223
PlanV2ImpactDec18,HSBC,2019,11,201911,Plan V2,Dec,990352,-1982388,0,-4022116
PlanV2ImpactDec18,HSBC,2019,12,201912,Plan V2,Dec,997372,-2081975,0,-4122291
PlanV2ImpactDec18,IB APC,2019,1,201901,Plan V2,Dec,602523,2401966,0,-31236268
PlanV2ImpactDec18,IB APC,2019,2,201902,Plan V2,Dec,597648,2537193,0,-32014625
PlanV2ImpactDec18,IB APC,2019,3,201903,Plan V2,Dec,609088,2542679,0,-32804423
PlanV2ImpactDec18,IB APC,2019,4,201904,Plan V2,Dec,615187,2371424,0,-33286984
PlanV2ImpactDec18,IB APC,2019,5,201905,Plan V2,Dec,622865,2039466,0,-34742052
PlanV2ImpactDec18,IB APC,2019,6,201906,Plan V2,Dec,627046,1943948,0,-35416955
PlanV2ImpactDec18,IB APC,2019,7,201907,Plan V2,Dec,624059,1662146,0,-35463788
PlanV2ImpactDec18,IB APC,2019,8,201908,Plan V2,Dec,627633,1446404,0,-36655963
PlanV2ImpactDec18,IB APC,2019,9,201909,Plan V2,Dec,635451,1306866,0,-37196271
PlanV2ImpactDec18,IB APC,2019,10,201910,Plan V2,Dec,638195,1163276,0,-38389531
PlanV2ImpactDec18,IB APC,2019,11,201911,Plan V2,Dec,642820,1322622,0,-39362762
PlanV2ImpactDec18,IB APC,2019,12,201912,Plan V2,Dec,643231,1284918,0,-39315110
PlanV2ImpactDec18,IB Main ex APC,2019,1,201901,Plan V2,Dec,1871344,-14736545,0,-23679895
PlanV2ImpactDec18,IB Main ex APC,2019,2,201902,Plan V2,Dec,1895097,-15086226,0,-24213908
PlanV2ImpactDec18,IB Main ex APC,2019,3,201903,Plan V2,Dec,1893661,-15286929,0,-24803168
PlanV2ImpactDec18,IB Main ex APC,2019,4,201904,Plan V2,Dec,1901053,-15557231,0,-25347533
PlanV2ImpactDec18,IB Main ex APC,2019,5,201905,Plan V2,Dec,1914397,-15742006,0,-25926471
PlanV2ImpactDec18,IB Main ex APC,2019,6,201906,Plan V2,Dec,1918790,-16001370,0,-26893184
PlanV2ImpactDec18,IB Main ex APC,2019,7,201907,Plan V2,Dec,1939307,-15984295,0,-27427544
PlanV2ImpactDec18,IB Main ex APC,2019,8,201908,Plan V2,Dec,1932279,-16169640,0,-27961891
PlanV2ImpactDec18,IB Main ex APC,2019,9,201909,Plan V2,Dec,1933520,-16371082,0,-28853654
PlanV2ImpactDec18,IB Main ex APC,2019,10,201910,Plan V2,Dec,1935411,-16441945,0,-29506843
PlanV2ImpactDec18,IB Main ex APC,2019,11,201911,Plan V2,Dec,1953954,-16822758,0,-30066355
PlanV2ImpactDec18,IB Main ex APC,2019,12,201912,Plan V2,Dec,1957409,-16786988,0,-30173966
PlanV2ImpactDec18,Santander,2019,1,201901,Plan V2,Dec,1951106,-4148257,0,-6268584
PlanV2ImpactDec18,Santander,2019,2,201902,Plan V2,Dec,1956447,-4301534,0,-6277337
PlanV2ImpactDec18,Santander,2019,3,201903,Plan V2,Dec,1957302,-4420252,0,-6521630
PlanV2ImpactDec18,Santander,2019,4,201904,Plan V2,Dec,1953665,-4474479,0,-6618624
PlanV2ImpactDec18,Santander,2019,5,201905,Plan V2,Dec,1973312,-4488035,0,-6824120
PlanV2ImpactDec18,Santander,2019,6,201906,Plan V2,Dec,1985240,-4564095,0,-6846558
PlanV2ImpactDec18,Santander,2019,7,201907,Plan V2,Dec,2013021,-4710639,0,-7114705
PlanV2ImpactDec18,Santander,2019,8,201908,Plan V2,Dec,2041359,-4786529,0,-7226925
PlanV2ImpactDec18,Santander,2019,9,201909,Plan V2,Dec,2034639,-4900911,0,-7279560
PlanV2ImpactDec18,Santander,2019,10,201910,Plan V2,Dec,2048808,-4946444,0,-7513736
PlanV2ImpactDec18,Santander,2019,11,201911,Plan V2,Dec,2056355,-4977292,0,-7567547
PlanV2ImpactDec18,Santander,2019,12,201912,Plan V2,Dec,2055652,-5051583,0,-7530238
PlanV2ImpactDec18,TSB,2019,1,201901,Plan V2,Dec,1123913,-1857440,0,-3281325
PlanV2ImpactDec18,TSB,2019,2,201902,Plan V2,Dec,1125917,-1844248,0,-3408857
PlanV2ImpactDec18,TSB,2019,3,201903,Plan V2,Dec,1136867,-1978408,0,-3528274
PlanV2ImpactDec18,TSB,2019,4,201904,Plan V2,Dec,1146536,-1981522,0,-3564746
PlanV2ImpactDec18,TSB,2019,5,201905,Plan V2,Dec,1165858,-2020454,0,-3766121
PlanV2ImpactDec18,TSB,2019,6,201906,Plan V2,Dec,1168371,-2068618,0,-3882401
PlanV2ImpactDec18,TSB,2019,7,201907,Plan V2,Dec,1177899,-2131717,0,-3972849
PlanV2ImpactDec18,TSB,2019,8,201908,Plan V2,Dec,1179650,-2203482,0,-4096591
PlanV2ImpactDec18,TSB,2019,9,201909,Plan V2,Dec,1191383,-2326793,0,-4149364
PlanV2ImpactDec18,TSB,2019,10,201910,Plan V2,Dec,1189189,-2424581,0,-4273294
PlanV2ImpactDec18,TSB,2019,11,201911,Plan V2,Dec,1212580,-2534991,0,-4450371
PlanV2ImpactDec18,TSB,2019,12,201912,Plan V2,Dec,1205530,-2541681,0,-4492423
PlanV2ImpactDec18,UKDI,2019,1,201901,Plan V2,Dec,55555,-84537,0,119482
PlanV2ImpactDec18,UKDI,2019,2,201902,Plan V2,Dec,55792,-84498,0,120609
PlanV2ImpactDec18,UKDI,2019,3,201903,Plan V2,Dec,56338,-84824,0,121366
PlanV2ImpactDec18,UKDI,2019,4,201904,Plan V2,Dec,56761,-88198,0,121975
PlanV2ImpactDec18,UKDI,2019,5,201905,Plan V2,Dec,56814,-90230,0,122530
PlanV2ImpactDec18,UKDI,2019,6,201906,Plan V2,Dec,56863,-92603,0,122932
PlanV2ImpactDec18,UKDI,2019,7,201907,Plan V2,Dec,57173,-95762,0,123289
PlanV2ImpactDec18,UKDI,2019,8,201908,Plan V2,Dec,57675,-98690,0,123971
PlanV2ImpactDec18,UKDI,2019,9,201909,Plan V2,Dec,58467,-101294,0,122883
PlanV2ImpactDec18,UKDI,2019,10,201910,Plan V2,Dec,59221,-102970,0,123947
PlanV2ImpactDec18,UKDI,2019,11,201911,Plan V2,Dec,59095,-104263,0,125298
PlanV2ImpactDec18,UKDI,2019,12,201912,Plan V2,Dec,59431,-106079,0,125893
PlanV2ImpactDec18,Total,2019,1,201901,Plan V2,Dec,9971538,-19275415,0,-83167621
PlanV2ImpactDec18,Total,2019,2,201902,Plan V2,Dec,10053899,-19735469,0,-85129973
PlanV2ImpactDec18,Total,2019,3,201903,Plan V2,Dec,10071725,-20340399,0,-87185654
PlanV2ImpactDec18,Total,2019,4,201904,Plan V2,Dec,10091386,-21178207,0,-88775613
PlanV2ImpactDec18,Total,2019,5,201905,Plan V2,Dec,10168556,-21877568,0,-91746186
PlanV2ImpactDec18,Total,2019,6,201906,Plan V2,Dec,10254712,-22541912,0,-94221979
PlanV2ImpactDec18,Total,2019,7,201907,Plan V2,Dec,10327583,-23300790,0,-95675356
PlanV2ImpactDec18,Total,2019,8,201908,Plan V2,Dec,10332672,-24017655,0,-97951507
PlanV2ImpactDec18,Total,2019,9,201909,Plan V2,Dec,10370567,-24733354,0,-100049456
PlanV2ImpactDec18,Total,2019,10,201910,Plan V2,Dec,10383618,-25174233,0,-102453136
PlanV2ImpactDec18,Total,2019,11,201911,Plan V2,Dec,10462087,-25724037,0,-105165931
PlanV2ImpactDec18,Total,2019,12,201912,Plan V2,Dec,10502712,-26041658,0,-105521811
